timestamp,simple-path,time
2022-02-25 23:19:29.679,/master/welcome,10687
2022-02-25 23:19:30.606,/master/welcome,873
2022-02-25 23:19:36.487,/master/welcome,717
2022-02-25 23:19:37.333,/master/welcome,773
2022-02-25 23:19:42.67,/anonymous/user-account/create,5027
2022-02-25 23:19:45.539,/master/welcome,627
2022-02-25 23:19:48.021,/master/welcome,401
2022-02-25 23:19:49.326,/master/sign-in,1135
2022-02-25 23:19:50.786,/master/welcome,629
2022-02-25 23:19:51.418,/master/welcome,570
2022-02-25 23:19:52.78,/master/welcome,1178
2022-02-25 23:19:55.615,/master/welcome,730
2022-02-25 23:19:56.427,/master/welcome,763
2022-02-25 23:19:57.791,/anonymous/user-account/create,1155
2022-02-25 23:19:59.679,/master/welcome,591
2022-02-25 23:20:02.309,/master/welcome,553
2022-02-25 23:20:03.685,/master/sign-in,1184
2022-02-25 23:20:04.933,/master/welcome,590
2022-02-25 23:20:05.261,/master/welcome,265
2022-02-25 23:20:06.007,/master/welcome,591
2022-02-25 23:20:08.816,/master/welcome,691
2022-02-25 23:20:09.505,/master/welcome,644
2022-02-25 23:20:10.247,/anonymous/user-account/create,592
2022-02-25 23:20:13.35,/master/welcome,685
2022-02-25 23:20:15.842,/master/welcome,408
2022-02-25 23:20:17.267,/master/sign-in,1247
2022-02-25 23:20:18.595,/master/welcome,604
2022-02-25 23:20:19.219,/master/welcome,565
2022-02-25 23:20:20.046,/master/welcome,608
2022-02-25 23:20:22.858,/master/welcome,713
2022-02-25 23:20:23.838,/master/welcome,942
2022-02-25 23:20:25.272,/anonymous/user-account/create,1165
2022-02-25 23:20:27.665,/master/welcome,1167
2022-02-25 23:20:30.393,/master/welcome,658
2022-02-25 23:20:31.78,/master/sign-in,1189
2022-02-25 23:20:33.073,/master/welcome,609
2022-02-25 23:20:33.574,/master/welcome,432
2022-02-25 23:20:34.964,/master/welcome,1187
2022-02-25 23:20:37.44,/master/welcome,360
2022-02-25 23:20:37.829,/master/welcome,361
2022-02-25 23:20:38.599,/anonymous/user-account/create,619
2022-02-25 23:20:41.589,/master/welcome,634
2022-02-25 23:20:44.043,/master/welcome,366
2022-02-25 23:20:44.807,/master/sign-in,601
2022-02-25 23:20:46.731,/master/welcome,1175
2022-02-25 23:20:47.359,/master/welcome,566
2022-02-25 23:20:48.771,/master/welcome,1227
2022-02-25 23:20:51.558,/master/welcome,686
2022-02-25 23:20:52.172,/master/welcome,572
2022-02-25 23:20:53.493,/anonymous/user-account/create,1134
2022-02-25 23:20:55.932,/master/welcome,1240
2022-02-25 23:20:58.591,/master/welcome,590
2022-02-25 23:20:59.351,/master/sign-in,591
2022-02-25 23:21:00.61,/master/welcome,590
2022-02-25 23:21:01.059,/master/welcome,386
2022-02-25 23:21:02.407,/master/welcome,1151
2022-02-25 23:21:04.801,/master/welcome,295
2022-02-25 23:21:05.144,/master/welcome,314
2022-02-25 23:21:05.881,/anonymous/user-account/create,584
2022-02-25 23:21:08.76,/master/welcome,633
2022-02-25 23:21:11.129,/master/welcome,293
2022-02-25 23:21:11.893,/master/sign-in,605
2022-02-25 23:21:13.162,/master/welcome,602
2022-02-25 23:21:13.782,/master/welcome,561
2022-02-25 23:21:15.1,/master/welcome,1131
2022-02-25 23:21:17.513,/master/welcome,308
2022-02-25 23:21:17.861,/master/welcome,312
2022-02-25 23:21:19.172,/anonymous/user-account/create,1126
2022-02-25 23:21:22.121,/master/welcome,624
2022-02-25 23:21:24.843,/master/welcome,642
2022-02-25 23:21:26.211,/master/sign-in,1182
2022-02-25 23:21:27.545,/master/welcome,601
2022-02-25 23:21:27.859,/master/welcome,248
2022-02-25 23:21:28.608,/master/welcome,592
2022-02-25 23:21:31.295,/master/welcome,575
2022-02-25 23:21:31.972,/master/welcome,647
2022-02-25 23:21:33.301,/anonymous/user-account/create,1130
2022-02-25 23:21:35.66,/master/welcome,1169
2022-02-25 23:21:38.305,/master/welcome,568
2022-02-25 23:21:39.04,/master/sign-in,586
2022-02-25 23:21:40.333,/master/welcome,591
2022-02-25 23:21:40.677,/master/welcome,286
2022-02-25 23:21:42.039,/master/welcome,1167
2022-02-25 23:21:44.45,/master/welcome,306
2022-02-25 23:21:44.78,/master/welcome,298
2022-02-25 23:21:45.518,/anonymous/user-account/create,587
2022-02-25 23:21:48.391,/master/welcome,610
2022-02-25 23:21:50.763,/master/welcome,298
2022-02-25 23:21:51.508,/master/sign-in,592
2022-02-25 23:21:52.787,/master/welcome,609
2022-02-25 23:21:53.344,/master/welcome,500
2022-02-25 23:21:54.679,/master/welcome,1152
2022-02-25 23:21:57.125,/master/welcome,343
2022-02-25 23:21:57.449,/master/welcome,295
2022-02-25 23:21:58.746,/anonymous/user-account/create,1136
2022-02-25 23:22:01.719,/master/welcome,606
2022-02-25 23:22:04.364,/master/welcome,559
2022-02-25 23:22:05.73,/master/sign-in,1174
2022-02-25 23:22:07.074,/master/welcome,602
2022-02-25 23:22:07.403,/master/welcome,265
2022-02-25 23:22:08.159,/master/welcome,589
2022-02-25 23:22:10.864,/master/welcome,604
2022-02-25 23:22:11.469,/master/welcome,577
2022-02-25 23:22:12.825,/anonymous/user-account/create,1157
2022-02-25 23:22:14.604,/master/welcome,592
2022-02-25 23:22:17.22,/master/welcome,547
2022-02-25 23:22:18.576,/master/sign-in,1176
2022-02-25 23:22:19.85,/master/welcome,591
2022-02-25 23:22:20.194,/master/welcome,275
2022-02-25 23:22:20.936,/master/welcome,589
